time,open,high,low,close,Volume,Volume MA,Total revenue,COGS,Deprecation and amortization,Gross profit,Operating expenses (excl. COGS),Operating income,"Non-operating income, total",Interest expense on debt,Pretax income,Equity in earnings,Taxes,Net income,Basic EPS,Diluted EPS,EBITDA,EBIT,Average basic shares outstanding,Total assets,Total current assets,Cash and short term investments,Cash & equivalents,"Total receivables, net","Accounts receivable - trade, net",Total inventory,Inventories - work in progress,Inventories - progress payments & other,Inventories - finished goods,Inventories - raw materials,Total non-current assets,Long term investments,Net property/plant/equipment,Gross property/plant/equipment,Property/plant/equipment - Buildings,Property/plant/equipment - Buildings,Property/plant/equipment - Construction in progress,Property/plant/equipment - Machinery & equipment,Property/plant/equipment - Land & improvement,Property/plant/equipment - Leased property,Property/plant/equipment - Computer software and equipment,Property/plant/equipment - Leases,Property/plant/equipment - Transportation equipment,Property/plant/equipment - Other,"Accumulated depreciation, total","Goodwill, net","Goodwill, gross",Accumulated goodwill amortization,Total liabilities,Total current liabilities,Short term debt,Long term debt,Total non-current liabilities,Total equity,Total non-current liabilities,Total non-current liabilities,Total non-current liabilities,Shareholders&#039; equity,"Common equity, total",Retained earnings,Minority interest,Total liabilities & shareholders&#039; equities,Net debt,Total debt,Tangible book value per share,Book value per share,Cash from operating activities,Changes in working capital,Change in accounts receivable,Change in inventories,Change in other assets/liabilities,Cash from investing activities,Capital expenditures,Capital expenditures - fixed assets,Capital expenditures - other assets,"Other investing cash flow items, total",Cash from financing activities,Issuance of long term debt,Reduction of long term debt,Reduction of long term debt,Reduction of long term debt,Free cash flow
2002-01-02T07:00:00Z,4500,4650,4500,4505,2599727,NaN,NaN,NaN,NaN,NaN,NaN,NaN,NaN,NaN,NaN,NaN,NaN,NaN,NaN,NaN,NaN,NaN,NaN,NaN,NaN,NaN,NaN,NaN,NaN,NaN,NaN,NaN,NaN,NaN,NaN,NaN,NaN,NaN,NaN,NaN,NaN,NaN,NaN,NaN,NaN,NaN,NaN,NaN,NaN,NaN,NaN,NaN,NaN,NaN,NaN,NaN,NaN,NaN,NaN,NaN,NaN,NaN,NaN,NaN,NaN,NaN,NaN,NaN,NaN,NaN,NaN,NaN,NaN,NaN,NaN,NaN,NaN,NaN,NaN,NaN,NaN,NaN,NaN,NaN,NaN,NaN
2003-01-02T07:00:00Z,4600,5880,3531.0002,5800,821243365,NaN,NaN,NaN,NaN,NaN,NaN,NaN,NaN,NaN,NaN,NaN,NaN,NaN,NaN,NaN,NaN,NaN,NaN,NaN,NaN,NaN,NaN,NaN,NaN,NaN,NaN,NaN,NaN,NaN,NaN,NaN,NaN,NaN,NaN,NaN,NaN,NaN,NaN,NaN,NaN,NaN,NaN,NaN,NaN,NaN,NaN,NaN,NaN,NaN,NaN,NaN,NaN,NaN,NaN,NaN,NaN,NaN,NaN,NaN,NaN,NaN,NaN,NaN,NaN,NaN,NaN,NaN,NaN,NaN,NaN,NaN,NaN,NaN,NaN,NaN,NaN,NaN,NaN,NaN,NaN,NaN
2004-01-02T07:00:00Z,5800,7507.5,5040,6642,912774553,NaN,13935469751525.559,-9876057122809.635,-1152612585294.6135,4059412628715.911,-1500892772673.1082,2558519853886.9385,-34097360826.002346,-289827570311.79956,2524422492673.784,135780563402.37663,-529726861704.33765,2072023575149.2737,333.04175432,331.83006395,3711132441761.9844,2558519857800.2,6218000000,19369228245420.258,4133642667982.501,1233135061007.7043,418706816684.7318,1725767858679.7998,1251150636206.3054,1065403843641.417,232960024119.84338,NaN,553513017308.7479,278930802212.8258,15235585577437.758,1391547877409.1978,13011593880506.986,23546978011302.78,1630720168838.9036,1630720168838.9036,1448079509928.9465,15379710179026.566,NaN,NaN,NaN,82001928490.18488,NaN,5006466225018.181,-10535384130795.797,262157680476.19708,510027146139.71045,247869465663.51337,9786805919957.367,3122906776667.8735,704471112938.4064,3387549364068.0156,5857987026227.197,9582422325462.89,6663899143289.493,6663899143289.493,6663899143289.493,9366856649810.662,9366856649810.662,6788765716217.7295,215565675652.2284,19369228245420.258,2858885415998.718,4092020477006.4224,1461.98350048,1504.07991662,3233160500747.1763,-306876250918.3761,-340973612131.52905,-216761796283.61475,104727609440.39816,-1615362487473.12,-1852826253064.7205,-1852826253064.7205,0,0,-1519159218336.0076,228330543838.07755,-813465617513.7899,-813465617513.7899,-813465617513.7899,1380334245565.0833
2005-01-03T07:00:00Z,6625,10438,6380,10390,794218542,NaN,18079319189633.094,-12418453099532.838,-1330814341965.7314,5660866090100.259,-907957725682.1898,4752908364163.333,86601036002.85536,-215826016821.0825,4839509399126.023,1209031636549.4475,-1564231194013.61,4327345465791.983,706.32612184,702.96872003,6083722709551.341,4752908365883.178,6124000000,27924468553325.05,4695565823224.794,861565588087.4374,541231364786.14386,2118877414545.0144,1475539516081.5833,1616353101741.1104,487842327569.2616,0,770804224818.7375,357706549353.1111,23228902730100.254,2828951609529.5483,18173628268626.72,29499445151223.08,1707781827975.021,1707781827975.021,2231661755665.678,17468892977363.875,NaN,NaN,NaN,48050133495.19403,NaN,8091108590218.506,-11325816882596.36,381731616100.7081,381731616100.7081,0,15967993668604.271,4971186727856.949,866237128843.9146,5773357012040.6045,9071070116325.932,11956474884720.781,10996806940747.322,10996806940747.322,10996806940747.322,11728904113583.82,11728904113583.82,9382455927901.846,227570771136.9606,27924468553325.05,5778028552797.082,6639594140884.52,1863.6526328,1937.16997088,5665602084199.794,790234444034.5586,-385645233818.2349,-215826016821.0825,525018774461.31433,-6201445988031.482,-2693427501456.829,-2334168520478.7896,-359258980978.03973,0,335579010480.4291,3834802079441.6733,-1188734518980.0686,-1188734518980.0686,-1188734518980.0686,3331433562096.6377
2006-01-03T07:00:00Z,10425,14989,9757,12894,979473173,NaN,22796869438995.76,-14920452849632.273,-1761895330323.903,7876416589363.489,-1152853847878.8953,6723562743445.289,701213073013.822,-382157578689.97345,7424775814548.061,2619091086606.234,-2575132329873.81,7409177546030.066,1227.9841455,1222.31473302,8485458072260.196,6723562739728.751,6035000000,34600285139872.785,6258803330602.783,1129665505432.4045,364431233128.76154,2732164489464.3594,1984759533849.9875,1948387727803.8674,539871709351.2197,0,915000532493.5442,493515485959.10565,28341481809270.004,4291159940774.4795,21702557446851.96,34523262491775.164,1889194396395.4778,1889194396395.4778,4754722174695.605,19774138553740.062,NaN,NaN,NaN,NaN,NaN,8105207366943.962,-12820705044923.207,407934765850.5907,407934765850.5907,0,17159647554424.945,6319423007346.291,975620209237.0775,5454344561582.711,8842370139147.275,17440637585447.89,10840224547078.656,10840224547078.656,10840224547078.656,17271615663233.57,17271615663233.57,15039385213736.44,169021922214.3178,34600285139872.785,5300299265387.369,6429964770819.779,2823.42365499,2905.36195384,7427611863369.486,-485673360672.78613,-359469188118.3978,-288567967582.2245,-123368123732.9412,-3908075275953.8594,-4257618293197.1987,-3714514943890.11,-543103349307.08826,0,-3837174055417.688,4191680158098.557,-4975138645023.27,-4975138645023.27,-4975138645023.27,3713096920291.5703
2007-01-02T07:00:00Z,12989,26155,12132,20760,1056197580,NaN,36185020613163.98,-19438977538759.273,-2099162613878.489,16746043074404.7,-1750064401403.4177,14933476372951.092,-352147104542.8157,-519073979684.5503,14643831567840.797,0,-4356867647396.3135,10225986066737.03,1749.28417141,1745.51493607,17095141287649.848,14995978671674.486,5846000000,43302074992006.695,9700725418377.395,2473840125593.765,596598844427.6864,4399740177759.261,3403998371220.3813,2640267226403.3813,747511554483.8617,0,1229162867420.161,663592804499.353,33601349573629.297,1086712552320.4098,29320082925259.95,45538968058820.68,3071849369180.854,3071849369180.854,6849603517643.154,26564162967785.496,NaN,NaN,NaN,NaN,NaN,9056173002529.96,-16221705931879.53,391385766734.47546,423119747821.0543,31733981086.57908,22203913966489.52,7973691647687.778,1156527310710.8818,7602051469184.92,13983047037085.285,21098161025517.168,14230222318801.746,14230222318801.746,14230222318801.746,20921155931012.027,20921155931012.027,19554479145550,177005094505.14087,43302074992006.695,6721257194137.452,8758578779895.818,3607.33774828,3696.17200112,12162795145119.498,-714203111548.3455,-977170105661.6644,-557947361423.0408,468767250375.9153,-6336361223373.952,-6061198658519.168,-5433888988503.905,-627309670015.2506,0,-5037532939405.573,5636640352081.131,-4406412153533.608,-4406412153533.608,-4406412153533.608,6728906154564.813
2008-01-02T07:00:00Z,20800,32350,11980,17762,1031015303,NaN,49945434697044.875,-27364888093810.777,-3282778811069.6997,22580546603234.1,-2299372828014.5454,20281173775219.582,-560146700800.367,-618932715210.6346,19721027070951.574,0,-6316136975711.24,12924524405823.146,2311.97298018,2310.3202831,23563952587730.82,20281173776999.234,5590000000,59406852532126.164,16878218812280.691,4924672999770.788,3316776267688.58,7672344630544.158,6263282255788.606,3891360591616.6914,1269721762140.8696,0,1487343617797.568,1134295211678.254,42528633719845.47,1697137349150.0627,36237953028992.125,54154181124009.48,4003302769166.7188,4003302769166.7188,5247191721103.734,34673110980583.01,NaN,NaN,NaN,NaN,NaN,10230575653156.002,-17916228095017.348,346003094245.53925,NaN,NaN,28843506811246.918,12806028549237.041,2709313821682.836,7228489982496.179,15771030801446.941,30563345720879.17,16037478262009.875,16037478262009.875,16037478262009.875,30009114520141.977,30009114520141.977,27990241262089.426,554231200737.1993,59406852532126.164,5013130804408.227,9937803804179,5304.63062251,5392.54776541,15249931038683.707,-2300212628170.8687,-4020123348321.9893,-1102657605253.1382,1427660265750.4424,-7611948616918.871,-7494376595033.518,-6347209581495.22,-1147167013538.2988,0,-6164972947572.954,7959625881636.877,-8589475998879.77,-8589475998879.77,-8589475998879.77,8902721453877.021
2009-01-02T07:00:00Z,18001,24190,15101,23700,946937459,NaN,42621987360059.805,-26437668963555.04,-3546526920203.3345,16184318396504.766,-2806323119323.458,13377995275826.822,-3516816905602.485,-500825965275.2436,9861178370512.725,0,-4481119102861.036,4988735928682.384,896.41010405,894.72441852,16924522192120.812,13377995274154.559,5565000000,60830372262912.23,17364881943682.146,8955046296314.979,8365817223868.547,4306855225469.8643,2861197527410.0503,3723031924330.323,1444113191972.1416,0,1195447711857.156,1083471020501.0258,43465490319230.08,1780043266040.5266,37013316137985.52,58962292149874.42,4408020374212.302,4408020374212.302,6408155757745.934,36707503932626.72,NaN,NaN,NaN,NaN,NaN,11438612085289.498,-21948976011888.9,307356711446.47754,NaN,NaN,29391178595330.38,9151198569449.15,844844829955.8973,11834777896777.088,16880723659331.305,31439193667581.844,20239980025881.227,20239980025881.227,20239980025881.227,30854598113398.445,30854598113398.445,28442851857500.59,584595554183.376,60830372262912.23,3724576430418.008,12679622726732.977,5453.22097092,5544.9564082,16012000310147.297,2262205419421.229,4154308939079.7314,-98467477918.52277,-1074653681421.1157,-9380724986875.775,-9232174912429.77,-8057356037953.572,-1174818874476.1655,-106956053601.15378,-1054281099782.7979,6516679551556.035,-3181518165850.192,-3181518165850.192,-3181518165850.192,7954644269877.842
2010-01-04T07:00:00Z,23750,27484,19336,26545,883985799,NaN,38838666158456.19,-23109881738589.727,-3756753438979.425,15728784419866.459,-1992028258022.9294,13736756162032.889,660576580270.1409,-366333113885.2073,14397332740886.092,0,-4827799651463.085,9358413403308.44,1681.60426211,1675.71207514,17493509606227.617,13736756164398.44,5565000000,68112300477734.78,19267259715114.887,9772381111175.455,9548539309758.514,5160626736777.001,3790745575365.7603,4088945783417.7847,1645850505623.9177,0,1279424543030.4275,1163670734763.4395,48845040762619.89,2216187150330.116,41602378640060.586,63761950398826.64,4712943133943.109,4712943133943.109,8216987223932.389,38758361231646.66,NaN,NaN,NaN,NaN,NaN,12073658809304.516,-22159571758765.992,283635159329.693,283635159329.693,0,30297601086993.062,9997756075615.803,1679580092138.8032,10404810858329.541,15365082016401.537,37814699390741.65,20299845011377.26,20299845011377.26,20299845011377.26,37198367855333.37,37198367855333.37,34343618305755.61,616331535408.3055,68112300477734.78,2312009839292.889,12084390950468.346,6590.43215744,6685.07461568,13182107230568.148,-1555812321018.5,-1260097638725.6213,-420032546241.8746,-291301030318.3576,-7856300514646.612,-7901172643054.259,-6858079559742.545,-1043093083311.6953,-114754951337.535,-4150304073374.1753,492857803821.4637,-849628005095.2081,-849628005095.2081,-849628005095.2081,6324027673302.588
2011-01-03T07:00:00Z,26900,29851,20800,23430,885034873,NaN,52812054778687.78,-25721757955468.48,-4006969907029.6167,27090296823219.297,-3344417466099.299,24043291780927.27,-1034317973564.4321,-407101664263.7111,23008973809335.04,0,-5380661960404.092,17408933375240.969,3158.86815137,3142.6837149,27752849265509.777,23745879360361.69,5511000000,69769443330116.1,17137305940393.848,7014906719588.427,6835941182869.13,5741810969744.295,4113495745502.7627,4171795124888.595,1572049544136.602,0,1268350451522.0295,1331395129229.9639,52632137389722.25,2504839614309.936,45081689859496.51,67679478369110.016,5356086006133.379,5356086006133.379,8487982898721.158,40444177599281.55,NaN,NaN,NaN,NaN,NaN,13391231864973.924,-22597788509613.508,625023578996.9592,625023578996.9592,0,30617342673967.066,13380385468809.055,2385529256497.072,8397822230601.232,29555923100226.375,39152100656149.03,17236957205158.008,17236957205158.008,17236957205158.008,38478946194170.71,38478946194170.71,36017492164519.984,673154461978.2869,69769443330116.1,3768444767509.8774,10783351487098.305,7043.94947722,7229.39182019,22143974793946.457,339374081782.2252,-1442891974605.5579,-583046144840.613,318761339287.86066,-12120292586686.645,-9274261783714.678,-9118930045632.14,-155331738082.53735,0,-11791961045526.422,1174926322178.8118,-1599696051437.695,-1599696051437.695,-1599696051437.695,13025044750402.545
2012-01-03T07:00:00Z,23778,30138,21921,29289,807510484,NaN,58724990360235.18,-33997009690866.438,-5591501103582.334,24727980669368.746,-1178142376068.3213,23549838296373.207,-4831278106065.548,-561020177616.9562,18718560187097.953,0,-6089914681668.115,12535142142493.623,2354.6379369,2344.91322438,29141339396587.293,23549838289981.05,5323000000,105725941225279.77,16725853225330.814,4140775261838.049,3910141522189.952,6412762952414.009,3862706214035.3696,5097659926335.484,1958751086727.6526,0,1363356184373.695,1775552655234.1287,89000087999948.97,2744705071840.5024,76172108544698.8,108522988706118.19,7597009955997.159,7597009955997.159,17271359269108.396,55684962522766.56,NaN,NaN,NaN,NaN,NaN,27969656958245.945,-32350880161419.31,3357274827146.9834,3357274827146.9834,0,50860464543390.18,18020509997894.44,2887828846444.822,20281865636642.67,39569526154140.92,54865476681889.34,32839954545495.742,32839954545495.742,32839954545495.742,53871788761065.05,53871788761065.05,50899721350138.8,993687920824.2579,105725941225279.77,19028919221249.43,23169694483087.49,9335.62375695,10121.09516053,19825965233350.566,-61793526809.9836,1190338463813.3716,-169119126006.27063,-848847920916.0922,-25965477351010.918,-17120872289971.365,-16941996291310.906,-178875998660.4792,0,1957879112611.06,10803297246371.78,-3626304336480.6147,-3626304336480.6147,-3626304336480.6147,2883968945257.195
2013-01-01T07:00:00Z,30698,33041,24508,32389,722794626,NaN,58415179431211.28,-35064341857113.67,-6227421445284.462,23350837574097.613,-4570259516095.552,18780578058001.945,-2320558124975.1724,-808652507402.178,16460019931612.338,1011479916159.1328,-6116707794216.259,9940314447507.854,1867.98339924,1861.80434241,25007999509354.133,18780578061804.336,5322000000,138164567518469.44,18814992658161.16,5672393185708.495,5635662603301.912,6529109202380.95,4382851927704.4136,5778614059154.554,2337851934256.8286,0,1457310674942.2598,1983451449955.4746,119349574860308.27,7338174733769.199,98445902597189.52,146353501958251.22,10369936859977.44,10369936859977.44,23388446527002.42,80711980323913.81,NaN,NaN,NaN,NaN,NaN,31883138247357.293,-47907599361061.61,4075109210243.8525,4075109210243.8525,0,63421803194847.48,19992356732058.715,5050951440126.847,27894395541691.113,50947502365237.29,74742764323622.4,43429446462788.766,43429446462788.766,43429446462788.766,70152434241242.945,70152434241242.945,66494266777235.95,4590330082379.435,138164567518469.44,27272953796109.473,32945346981817.965,12155.21322878,13180.28259446,17850583389029.004,-410969072765.18115,918480449261.8385,-61999644598.195496,-588110914474.3116,-16521133867001.994,-21251706749844.32,-19700829925680.91,-1550876824163.4304,0,-240027195515.87155,0,0,0,0,-1850246534751.7576
2014-01-02T07:00:00Z,32500,37718,23510,24868,525046105,NaN,62088904621121.96,-34236295862310.9,-8948756715855.652,27852608758811.062,-5649716225081.831,22202892533729.16,185953877942.50705,-782100116347.2423,22478541805504.695,1296207885134.942,-7416278026341.686,15130082250790.334,2843.50684386,2834.36922387,31151649252348.863,22202892533831.18,5321000000,161083806864687.25,23720054142346.18,9365251014310.777,9365251014310.777,7509861059868.198,4915081186654.074,6397052635357.339,2610737929014.9565,0,1445799855554.7322,2340514850787.6504,137363752722341.05,8383298647366.683,114289467904734.52,172452325817193.94,14532469482617.87,14532469482617.87,16304877546896.193,106696624954702.33,NaN,NaN,NaN,NaN,NaN,34918353832978.348,-58162857912459.84,4291653140035.1733,4291653140035.1733,0,70248425505617.96,19217754665740.1,4534215588207.713,32263997218107.74,53772520203808.74,90835381359068.77,51030670839877.86,51030670839877.86,51030670839877.86,84197894016312.34,84197894016312.34,79309409589326.31,6637487342756.436,161083806864687.25,27432961792004.684,36798212806315.48,14735.81157939,15823.24500184,27744317973470.535,126886172722.07036,-381752364482.77954,-172827718017.99194,421130831879.28394,-15750293112285.217,-17941267284374.07,-16652716323455.082,-1288550960918.9534,-765692421598.6984,-8644667439849.3125,0,0,0,0,11091601646175.14
2015-01-02T07:00:00Z,24900,30139,15400,17394,633166057,NaN,49995840021545.1,-33603485896728.535,-10752757061717.719,16392354124816.57,-4363827240880.449,12028526883936.158,-3618974802970.4526,-563399666879.5859,8409552085351.745,613803215606.388,-4106209102943.4585,4552000489460.507,855.94406911,853.51850554,22781283944191.168,12028526886968.111,5318000000,151212349188794.47,19868317096414.887,8196636651725.215,8196636651725.215,6043396103796.808,5244730782186.383,5209531246735.466,0,5209531246735.466,0,0,131344032092379.6,7731760028356.236,112509853071970.23,179124367024285.22,14187840340887.94,14187840340887.94,17602195279626.68,109933004321546.67,NaN,NaN,NaN,NaN,NaN,37401327082224.29,-66614513952314.99,3973906174699.891,3973906174699.891,0,65586444761731.36,15600676867262.537,3885300447530.342,33948131276781.035,70660822937868.39,85625904427062.84,49985767894468.82,49985767894468.82,49985767894468.82,78613914209823.58,78613914209823.58,72880031262577.98,7011990217239.234,151212349188794.47,29636795072586.18,37833431724311.37,13794.74159448,14773.76255651,21613041694052.73,-209454746931.37637,1602832849512.299,169131907949.93506,-872541432403.9707,-14674153152662.92,-14295566497781.605,-13381582147535.62,-913984350246.0074,-938626085179.1104,-9329136829900.703,0,0,0,0,8231459548279.187
2016-01-04T07:00:00Z,17232,24621,13630,21868,827115787,NaN,46322455349673.64,-37124498862345.27,-12521688564372.223,9197956487328.36,-4640936989451.973,4557019497876.475,-12281924305978.318,-1461063469394.7893,-7724904804851.435,-3152900040622.202,1576450020311.0957,-9568092566241.79,-1798.1835443,-1798.1835443,17078708062844.377,4557019494471.332,5322000000,174207051756356.75,25942210072987.734,15164930862921.277,15112208746932.332,5450880991964.566,4620507665139.23,4995420489949.25,0,4995420489949.25,0,0,148264841683369.03,8965688724558.59,120490538079766.95,222017223938966.97,18196452532283.61,18196452532283.61,14003579807943.344,144528893964266.47,NaN,NaN,NaN,NaN,NaN,45288297634473.96,-101526685859200.22,4793319045325.099,4793319045325.099,0,86232878712750.55,18071969758420.91,6814333491566.662,46524338353769.56,61689503354833.516,87974173043606.55,68160908954329.63,68160908954329.63,68160908954329.63,79507879917720.64,79507879917720.64,72554418620072.05,8466293125885.848,174207051756356.75,38173740982414.95,53338671845336.24,13804.8621325,14938.22714073,15921845499815.11,310195013502.2786,2568474652864.276,789723536790.8258,-558950434958.213,-10856825472579.768,-11555138884618.762,-10408766008632.027,-1146372875986.6792,229274575197.33685,425581564418.58606,0,0,0,0,5513079487866.716
2017-01-03T07:00:00Z,22055,27684,18500,25055,557370477,NaN,48155464984694.78,-28229617123862.953,-8680910444452.791,19925847860831.832,-4376436889711.842,15549410971119.877,-1070121446173.1791,-1551209664928.317,14479289527015.574,362481983557.13226,-5920983282883.597,7849334129233.486,1475.2749674,1471.25487075,24230321410930.426,15549410970459.074,5323000000,153306638549950.94,27588538889524.914,18584528666841.902,18543911042147.008,3971355498392.3896,3715857536602.056,4812533403363.661,NaN,0,NaN,NaN,125718099660426.03,5938034681199.051,103597217153213.95,203681664893299.9,16230016680497.049,16230016680497.049,7256142114845.613,139321073195334.69,NaN,NaN,NaN,NaN,NaN,40874432902622.6,-100084447740086.17,4283194036372.397,4283194036372.397,0,71120150594767.05,14892255557482.037,1626015233752.8696,38302420087266.45,48146950175224.51,82186487955183.39,56227895037285,56227895037285,56227895037285,75022063057390.73,75022063057390.73,68942521812738.58,7164424897792.667,153306638549950.94,21343906654177.402,39928435321019.305,13115.69672328,14092.29804595,22393923719463.42,-321169698666.42944,355818711800.567,-915533539352.0212,-443773898987.2245,-5545174755813.337,-6214167240172.456,-4926823136804.112,-1287344103368.3425,26653087026.258907,-12171132190541.479,0,0,0,0,17467100578994.396
2018-01-02T07:00:00Z,25225,32673,22577,30377,511723337,NaN,56368368073176.56,-30870663680781.58,-8218235953630.604,25497704392394.98,-4718166633684.241,20779537758710.7,-2357776344608.1216,-1629793294239.4004,18421761413235.28,857373216536.5256,-9157948366267.443,4842328913518.028,909.70255939,907.27209502,28997773702725.555,20779537753981.824,5323000000,153501497856914.88,48150398861655.77,21778015585335.87,21753344159787.574,4388772478082.0337,4243485194297.931,5159069209088.307,NaN,0,NaN,NaN,105351098995259.08,5005558116788.123,89865667559477.94,170408277531225.38,17167200277319.664,17167200277319.664,10353774921746.305,124778475979747.9,NaN,NaN,NaN,NaN,NaN,18108826352410.97,-80542609971747.11,338546783912.01166,338546783912.01166,0,70345087411806.414,19173809555243.438,3750056683333.054,32989807862259.984,52836274076246.414,83156410445108.34,51171277856562.98,51171277856562.98,51171277856562.98,76196327170998.2,76196327170998.2,69990093010862.18,6960083274110.106,153501497856914.88,14961848960257.162,36739864545593.03,14112.82589572,14313.13631822,24127998400123.22,-154222621267.24066,-865215044736.5555,-237868788734.21948,9148799566.700737,-7738577462062.151,-7649703409128.495,-6507410434657.571,-1142292974470.9248,-471816663368.4251,-14234225154419.65,0,0,0,0,17620587960553.695
2019-01-02T07:00:00Z,29799,36900,28000,32978,420062192,NaN,61281346323070.33,-33096742293657.855,-8429506001628.986,28184604029412.473,-5800474254568.073,22384129774844.34,-2112911302578.165,-1884600652366.8218,20271218470759.156,552096666882.7914,-7650482383947.242,12198707306362.67,2354.95005228,2349.11166027,30813635779706.81,22384129779623.508,5180000000,142227012771332.12,32958943194141.92,22037494726310.246,22016342792544.246,5056722298985.7,4881866313186.9795,5414895044089.545,NaN,NaN,NaN,NaN,109268069577190.19,5901389520706.96,93659352586818.62,182957176431093,18084903369908.457,18084903369908.457,15721527303790.184,129858772033907.38,NaN,NaN,NaN,NaN,NaN,19291973723486.766,-89297823844274.55,348301842679.71796,348301842679.71796,0,69148491738807.016,17399580715890.877,2342224132352.2715,32668456637089.137,50494286659535.47,73078521032525.1,51748911022916.14,51748911022916.14,51748911022916.14,66614490073643.19,66614490073643.19,60380310128351.6,6464030958881.892,142227012771332.12,12973186043131.156,35010680769441.406,12985.18728043,13173.42118013,24728119132487.086,509201938378.11273,-291960894015.712,412342874012.7116,-172962614938.21777,3607308297151.467,-9856101649639.398,-8648130746910.888,-1207970902728.5103,-298879398613.24243,-28404612475613.86,0,0,0,0,16079988387612.857
2020-01-02T07:00:00Z,33178,42354,19505,38906,473098885,NaN,76609757267082.08,-40156282587900.41,-10824690493632.12,36453474679181.68,-8401358859877.998,28052115819303.797,-3936575537369.635,-2146736344187.1843,24115540278757.77,-7137942956.565851,-8519134918661.341,14197368540609.426,2807.40896291,2800.82947199,38876806312008.15,28052115816166.7,5057000000,183711444818991.78,37305935060090.84,23390270494105.664,23327720372445.617,6480887605334.573,5844961368457.248,7125501359109.1455,NaN,NaN,NaN,NaN,146405509758900.94,9337343161144.24,122045712379065.22,240943068634573.1,24206897082445.383,24206897082445.383,23932371548492.895,168937453583560.47,NaN,NaN,NaN,NaN,NaN,23866346420073.91,-118897356255508.14,2079791545197.1777,2079791545197.1777,0,93057205996383.2,25756750096911.52,8708366937784.693,38287624469478.01,53539385513638.76,90654238822609.06,67300455899471.695,67300455899471.695,67300455899471.695,83165599257195.6,83165599257195.6,75400696654450.3,7488639565413.418,183711444818991.78,23605720913157.03,46995991407262.7,15902.6687007,16443.39193627,28027133018955.816,16060371652.273188,519285350090.1659,-1275907303486.1409,2119969058100.0625,-13590643389301.408,-13633471047040.76,-12312951600076.047,-1320519446964.6765,672751123656.3308,-17402304928107.518,0,0,0,0,15714181418639.797
2021-01-04T07:00:00Z,38907,51529,35840,47438,351683444,707152588.4,81800023764719.47,-32883261780086.652,-7327670300527.133,48916761984632.82,-2493333589216.4272,46423428395416.445,-11621664975895.688,-1037571672284.8767,34801763417898.73,107780990888.31827,-15256039990271.771,16244750946687.303,3212.30120721,3205.33332432,53751098693869.375,46423428395781.984,5057000000,155534840294995.62,38114438954476.945,21773763893785.64,21769480249502.004,9049912489921.514,8651533571542.2,6319803199809.497,NaN,NaN,NaN,NaN,117420401340518.69,5267454587459.837,102988803748906.47,212511592911804.9,20768535368556.09,20768535368556.09,15959430719446.598,154281160401313.78,NaN,NaN,NaN,NaN,NaN,21502466422487.906,-109522789162898.31,1709174069175.7688,1709174069175.7688,NaN,76137493497569.38,23421539061562.38,3752472392476.1333,26208763608789.715,48113131515867.53,79397346797426.06,52715954436006.99,52715954436006.99,52715954436006.99,73198913518986.53,73198913518986.53,68626837186905.56,6198433278439.461,155534840294995.62,8187472107480.203,29961236001265.86,14068.91157882,14474.65110811,39137433411366.12,-1665575579194.1438,-3433183829762.5605,-582017350796.9181,698420820956.3027,-11273891646918.08,-8340811614877.329,-8064892278203.231,-275919336674.0948,-2361122240393.4287,-25755345582672.543,0,0,0,0,31072541134449.55
2022-01-03T07:00:00Z,46980,58352,40681,52676,286562963,721350750.2,101542299069918.52,-39598033798103.59,-8758487346425.273,61944265271814.914,-10436872455018.969,51507392816795.86,-843872066880.6172,-976458250910.4579,50663520750114.45,1024813212217.5251,-16747974824321.973,35472263712387.77,7008.90642951,6995.10602951,60265880154179.336,51507392812339.34,5061000000,156547527205234.38,47152116510211.98,28851554963459.68,28353121691669.49,9358372551862.816,8925739051926.111,8118046852424.501,NaN,NaN,NaN,NaN,109395410695022.36,3906861453801.046,100515731483393.44,197644419710628.7,24383750454607.613,24383750454607.613,16046919360770.172,133603146759921.98,NaN,NaN,NaN,NaN,NaN,23610603135329.023,-97128688227235.02,1969058172715.7295,1969058172715.7295,NaN,76327735350049.98,27831658499730.49,4313175044996.3633,22710791255232.59,50381200133372.03,80219791855184.03,48496076850319.49,48496076850319.49,48496076850319.49,73954008580435.31,73954008580435.31,68726216706675.375,6265783274748.724,156547527205234.38,-1827588663230.7283,27023966300228.92,14166.7962814,14611.73909016,50186210486889.87,-1698662995593.4268,-1096565735447.3676,-1349259404213.337,-386839690456.5395,-10854908894705.871,-9532166727338.354,-9132848337189.666,-399318390148.68604,-3210145495804.67,-35512819486387.21,0,0,0,0,41053362150986.555
2023-01-03T07:00:00Z,52326,62230,51209,51210,115651691,686071166.5,100728016433071.61,-48948084912902.76,-9472554976453.072,51779931520168.84,-10490747015020.648,41289184505148.195,-1942800249632.541,-2135582933833.8164,39346384255087.3,709365409222.6273,-13245854884085.85,24183932592521.316,4775.68582231,4767.12476371,50761739483251.414,41289184507032.13,5064000000,191586505906137.3,44164986765659.305,23560585848135.72,23505736607580.484,9649683631467.322,8688876245190.291,9872863299933.252,NaN,NaN,NaN,NaN,147421519140478.03,5452771052434.39,135381165162054.03,254040877367267.38,28858265944517.508,28858265944517.508,26942325231331.23,161510208550670.34,NaN,NaN,NaN,NaN,NaN,36730077640747.78,-118659712205213.1,2627089487281.0864,2627089487281.0864,NaN,99799138866719.83,36017037513530.46,13566675948356.498,28695609575974.55,63782101353189.36,91787367039417.66,63782101353189.36,63782101353189.36,63782101353189.36,84157648542879.22,84157648542879.22,77976706538246.77,7629718496538.447,191586505906137.3,18701699676195.33,42262285524331.05,16016.19725165,16617.46797732,35002223002301.645,-247061303475.9548,1622743561467.0625,-82353767825.31822,245189626934.4698,-24453454014495.02,-13257084943334.762,-12601998153815.143,-655086789519.5765,-155349152943.21454,-19306343525412.703,0,0,0,0,22400224850926.273